"LUNA KORPUS – Demo, kein CNC; Fertigmaße in mm; Preise EUR netto"
"Position";"Bauteil";"L mm";"B mm";"D mm";"Menge";"Material";"Kantenseiten";"Kante mm";"Fläche m²";"Kante m";"EUR";"Zuschnitt L mm";"Zuschnitt B mm"
"S01";"Seite links";"720";"541";"19";"1";"Eiche furniert";"L1";"1";"0,3895";"0,72";"27,5314";"720";"540"
"S02";"Seite rechts";"720";"541";"19";"1";"Eiche furniert";"L1";"1";"0,3895";"0,72";"27,5314";"720";"540"
"B01";"Unterboden";"562";"541";"19";"1";"Eiche furniert";"L1";"1";"0,304";"0,562";"21,4898";"562";"540"
"B02";"Oberboden";"562";"541";"19";"1";"Eiche furniert";"L1";"1";"0,304";"0,562";"21,4898";"562";"540"
"R01";"Rückwand";"720";"600";"19";"1";"Eiche furniert";"";"1";"0,432";"0";"29,376";"720";"600"
"F01";"Fachboden 1";"560";"518";"19";"1";"Eiche furniert";"L1";"1";"0,2901";"0,56";"20,5374";"560";"517"
"P01";"Sockelblende";"562";"120";"19";"1";"Eiche furniert";"L1";"1";"0,0674";"0,562";"5,4008";"562";"119"
"D01";"Tür";"716";"596";"19";"1";"Eiche furniert";"L1 L2 B1 B2";"1";"0,4267";"2,624";"32,8228";"714";"594"

"Beschläge";"Bezeichnung";"Menge";"Einzelpreis EUR";"Gesamt EUR";"Hinweis"
"H01";"Topfscharnier, schematisch";"2";"6,8";"13,6";"Blum-artiger 110°-Beschlag; Anzahl nur Höhenregel, nicht herstellerfreigegeben."
"H02";"Montageplatte";"2";"1,9";"3,8";"Eine Platte je Scharnier; keine Artikelnummer."
"H03";"Fachbodenträger Ø 5 mm";"4";"0,18";"0,72";"Vier Träger je Fachboden."
"H04";"Sockelfuß, schematisch";"4";"3,8";"15,2";"Vier Füße je Korpus; Tragfähigkeit nicht nachgewiesen."
"H05";"Stangengriff, 128 mm";"1";"9,5";"9,5";"Bohrabstand 128 mm; Montage nur visualisiert."

"Verschnitt %";"0"
"Plattenfläche m²";"2,6034"
"Einkaufsfläche m²";"2,6034"
"Kantenlänge m";"6,31"
"Gesamtsumme EUR netto";"228,9993"
"Unverbindliche Demo-Einkaufspreise in EUR netto. Keine USt., Arbeit, Lieferkosten oder CNC-Leistungen. Verschnitt nur auf Plattenmaterial."